Timestamp,Level,CPU,Disk,RAM
2026-07-04T14:16:50.439630-06:00 Samsung SystemHealthMonitor:,INFO,15,41,5948
2026-07-04T14:16:50.441519-06:00 Samsung SystemHealthMonitor:,WARNING,83,68,598
2026-07-04T14:16:50.442908-06:00 Samsung SystemHealthMonitor:,CRITICAL,88,94,91
2026-07-04T14:16:50.444438-06:00 Samsung SystemHealthMonitor:,INFO,41,15,2640
2026-07-04T14:16:50.445410-06:00 Samsung SystemHealthMonitor:,WARNING,75,74,690
2026-07-04T14:16:50.446537-06:00 Samsung SystemHealthMonitor:,CRITICAL,100,95,306
2026-07-04T14:16:50.447840-06:00 Samsung SystemHealthMonitor:,INFO,24,27,6591
2026-07-04T14:16:50.449137-06:00 Samsung SystemHealthMonitor:,WARNING,83,64,1635
2026-07-04T14:16:50.450205-06:00 Samsung SystemHealthMonitor:,CRITICAL,89,97,484
2026-07-04T14:16:50.451281-06:00 Samsung SystemHealthMonitor:,INFO,58,53,2336
2026-07-04T14:16:50.452278-06:00 Samsung SystemHealthMonitor:,WARNING,73,84,822
2026-07-04T14:16:50.453265-06:00 Samsung SystemHealthMonitor:,CRITICAL,99,87,93
2026-07-04T14:16:50.454919-06:00 Samsung SystemHealthMonitor:,INFO,9,57,3430
2026-07-04T14:16:50.456555-06:00 Samsung SystemHealthMonitor:,WARNING,85,64,1673
2026-07-04T14:16:50.457806-06:00 Samsung SystemHealthMonitor:,CRITICAL,98,86,308
2026-07-04T14:16:50.458811-06:00 Samsung SystemHealthMonitor:,INFO,32,32,2328
2026-07-04T14:16:50.459768-06:00 Samsung SystemHealthMonitor:,WARNING,79,73,1492
2026-07-04T14:16:50.460613-06:00 Samsung SystemHealthMonitor:,CRITICAL,94,88,226
2026-07-04T14:16:50.461501-06:00 Samsung SystemHealthMonitor:,INFO,46,47,3686
2026-07-04T14:16:50.462453-06:00 Samsung SystemHealthMonitor:,WARNING,71,80,1291
2026-07-04T14:16:50.463320-06:00 Samsung SystemHealthMonitor:,CRITICAL,99,94,252
2026-07-04T14:16:50.464137-06:00 Samsung SystemHealthMonitor:,INFO,6,9,6475
2026-07-04T14:16:50.465061-06:00 Samsung SystemHealthMonitor:,WARNING,83,66,637
2026-07-04T14:16:50.466044-06:00 Samsung SystemHealthMonitor:,CRITICAL,87,98,226
2026-07-04T14:16:50.466969-06:00 Samsung SystemHealthMonitor:,INFO,30,21,6963
2026-07-04T14:16:50.467824-06:00 Samsung SystemHealthMonitor:,WARNING,62,72,1757
2026-07-04T14:16:50.468714-06:00 Samsung SystemHealthMonitor:,CRITICAL,91,97,305
2026-07-04T14:16:50.469650-06:00 Samsung SystemHealthMonitor:,INFO,33,46,4489
2026-07-04T14:16:50.470441-06:00 Samsung SystemHealthMonitor:,WARNING,76,80,1922
2026-07-04T14:16:50.471291-06:00 Samsung SystemHealthMonitor:,CRITICAL,92,94,459
2026-07-04T14:16:50.472179-06:00 Samsung SystemHealthMonitor:,INFO,57,40,3129
2026-07-04T14:16:50.473220-06:00 Samsung SystemHealthMonitor:,WARNING,62,73,1875
2026-07-04T14:16:50.474271-06:00 Samsung SystemHealthMonitor:,CRITICAL,89,87,90
2026-07-04T14:16:50.475319-06:00 Samsung SystemHealthMonitor:,INFO,13,50,5811
2026-07-04T14:16:50.476320-06:00 Samsung SystemHealthMonitor:,WARNING,84,74,1160
2026-07-04T14:16:50.477426-06:00 Samsung SystemHealthMonitor:,CRITICAL,92,96,166
2026-07-04T14:16:50.478596-06:00 Samsung SystemHealthMonitor:,INFO,42,59,7172
2026-07-04T14:16:50.479597-06:00 Samsung SystemHealthMonitor:,WARNING,78,73,1678
2026-07-04T14:16:50.480358-06:00 Samsung SystemHealthMonitor:,CRITICAL,92,88,198
2026-07-04T14:16:50.481223-06:00 Samsung SystemHealthMonitor:,INFO,31,5,5170
2026-07-04T14:16:50.482093-06:00 Samsung SystemHealthMonitor:,WARNING,83,73,1091
2026-07-04T14:16:50.482827-06:00 Samsung SystemHealthMonitor:,CRITICAL,100,93,200
2026-07-04T14:16:50.483674-06:00 Samsung SystemHealthMonitor:,INFO,12,3,4814
2026-07-04T14:16:50.484525-06:00 Samsung SystemHealthMonitor:,WARNING,73,70,1586
2026-07-04T14:16:50.485324-06:00 Samsung SystemHealthMonitor:,CRITICAL,94,90,336
2026-07-04T14:16:50.486116-06:00 Samsung SystemHealthMonitor:,INFO,10,33,3435
2026-07-04T14:16:50.486892-06:00 Samsung SystemHealthMonitor:,WARNING,69,81,741
2026-07-04T14:16:50.487764-06:00 Samsung SystemHealthMonitor:,CRITICAL,89,93,497
2026-07-04T14:16:50.488802-06:00 Samsung SystemHealthMonitor:,INFO,18,33,2660
2026-07-04T14:16:50.489874-06:00 Samsung SystemHealthMonitor:,WARNING,61,61,742
2026-07-04T14:16:50.490726-06:00 Samsung SystemHealthMonitor:,CRITICAL,97,88,386
2026-07-04T14:16:50.491534-06:00 Samsung SystemHealthMonitor:,INFO,45,38,3300
2026-07-04T14:16:50.492327-06:00 Samsung SystemHealthMonitor:,WARNING,74,72,661
2026-07-04T14:16:50.493220-06:00 Samsung SystemHealthMonitor:,CRITICAL,86,94,101
2026-07-04T14:16:50.494275-06:00 Samsung SystemHealthMonitor:,INFO,53,30,6107
2026-07-04T14:16:50.495408-06:00 Samsung SystemHealthMonitor:,WARNING,81,72,1564
2026-07-04T14:16:50.496714-06:00 Samsung SystemHealthMonitor:,CRITICAL,93,94,206
2026-07-04T14:16:50.498101-06:00 Samsung SystemHealthMonitor:,INFO,27,58,2359
2026-07-04T14:16:50.499073-06:00 Samsung SystemHealthMonitor:,WARNING,64,72,1046
2026-07-04T14:16:50.500078-06:00 Samsung SystemHealthMonitor:,CRITICAL,97,87,435
2026-07-04T14:16:50.501376-06:00 Samsung SystemHealthMonitor:,INFO,59,16,6709
2026-07-04T14:16:50.502451-06:00 Samsung SystemHealthMonitor:,WARNING,62,64,1568
2026-07-04T14:16:50.503415-06:00 Samsung SystemHealthMonitor:,CRITICAL,95,98,303
2026-07-04T14:16:50.504303-06:00 Samsung SystemHealthMonitor:,INFO,33,53,4800
2026-07-04T14:16:50.505159-06:00 Samsung SystemHealthMonitor:,WARNING,62,72,506
2026-07-04T14:16:50.506015-06:00 Samsung SystemHealthMonitor:,CRITICAL,95,97,380
2026-07-04T14:16:50.507120-06:00 Samsung SystemHealthMonitor:,INFO,40,45,4849
2026-07-04T14:16:50.508142-06:00 Samsung SystemHealthMonitor:,WARNING,75,82,1257
2026-07-04T14:16:50.508981-06:00 Samsung SystemHealthMonitor:,CRITICAL,99,90,496
2026-07-04T14:16:50.510140-06:00 Samsung SystemHealthMonitor:,INFO,6,50,2900
2026-07-04T14:16:50.511106-06:00 Samsung SystemHealthMonitor:,WARNING,83,83,525
2026-07-04T14:16:50.512253-06:00 Samsung SystemHealthMonitor:,CRITICAL,100,99,179
2026-07-04T14:16:50.513112-06:00 Samsung SystemHealthMonitor:,INFO,30,21,4443
2026-07-04T14:16:50.513990-06:00 Samsung SystemHealthMonitor:,WARNING,66,61,565
2026-07-04T14:16:50.514780-06:00 Samsung SystemHealthMonitor:,CRITICAL,99,94,277
2026-07-04T14:16:50.515576-06:00 Samsung SystemHealthMonitor:,INFO,34,39,4078
2026-07-04T14:16:50.516369-06:00 Samsung SystemHealthMonitor:,WARNING,72,76,1740
2026-07-04T14:16:50.517397-06:00 Samsung SystemHealthMonitor:,CRITICAL,89,100,170
2026-07-04T14:16:50.518300-06:00 Samsung SystemHealthMonitor:,INFO,36,18,6007
2026-07-04T14:16:50.519172-06:00 Samsung SystemHealthMonitor:,WARNING,75,63,1893
2026-07-04T14:16:50.519931-06:00 Samsung SystemHealthMonitor:,CRITICAL,98,95,312
2026-07-04T14:16:50.520726-06:00 Samsung SystemHealthMonitor:,INFO,14,32,4126
2026-07-04T14:16:50.521563-06:00 Samsung SystemHealthMonitor:,WARNING,74,65,1445
2026-07-04T14:16:50.522366-06:00 Samsung SystemHealthMonitor:,CRITICAL,95,98,44
2026-07-04T14:16:50.523224-06:00 Samsung SystemHealthMonitor:,INFO,41,21,6664
2026-07-04T14:16:50.524041-06:00 Samsung SystemHealthMonitor:,WARNING,83,65,630
2026-07-04T14:16:50.524779-06:00 Samsung SystemHealthMonitor:,CRITICAL,95,100,283
2026-07-04T14:16:50.525660-06:00 Samsung SystemHealthMonitor:,INFO,47,51,3951
2026-07-04T14:16:50.526479-06:00 Samsung SystemHealthMonitor:,WARNING,64,85,1105
2026-07-04T14:16:50.527244-06:00 Samsung SystemHealthMonitor:,CRITICAL,93,86,121
2026-07-04T14:16:50.527977-06:00 Samsung SystemHealthMonitor:,INFO,35,7,7305
2026-07-04T14:16:50.528737-06:00 Samsung SystemHealthMonitor:,WARNING,77,68,620
2026-07-04T14:16:50.529540-06:00 Samsung SystemHealthMonitor:,CRITICAL,89,89,344
2026-07-04T14:16:50.530435-06:00 Samsung SystemHealthMonitor:,INFO,30,28,6099
2026-07-04T14:16:50.531178-06:00 Samsung SystemHealthMonitor:,WARNING,76,67,1634
2026-07-04T14:16:50.531909-06:00 Samsung SystemHealthMonitor:,CRITICAL,86,87,309
2026-07-04T14:16:50.532614-06:00 Samsung SystemHealthMonitor:,INFO,46,13,7849
2026-07-04T14:16:50.533303-06:00 Samsung SystemHealthMonitor:,WARNING,72,76,1613
2026-07-04T14:16:50.534118-06:00 Samsung SystemHealthMonitor:,CRITICAL,95,99,410
2026-07-04T14:16:50.534890-06:00 Samsung SystemHealthMonitor:,INFO,3,47,6474
2026-07-04T14:16:50.535722-06:00 Samsung SystemHealthMonitor:,WARNING,82,72,712
2026-07-04T14:16:50.536443-06:00 Samsung SystemHealthMonitor:,CRITICAL,98,100,10
2026-07-04T14:16:50.537235-06:00 Samsung SystemHealthMonitor:,INFO,7,17,5280
2026-07-04T14:16:50.537964-06:00 Samsung SystemHealthMonitor:,WARNING,61,67,1488
2026-07-04T14:16:50.538791-06:00 Samsung SystemHealthMonitor:,CRITICAL,97,100,212
2026-07-04T14:16:50.539718-06:00 Samsung SystemHealthMonitor:,INFO,21,51,8000
2026-07-04T14:16:50.540545-06:00 Samsung SystemHealthMonitor:,WARNING,84,61,1003
2026-07-04T14:16:50.541336-06:00 Samsung SystemHealthMonitor:,CRITICAL,95,95,366
2026-07-04T14:16:50.542122-06:00 Samsung SystemHealthMonitor:,INFO,24,48,2984
2026-07-04T14:16:50.542855-06:00 Samsung SystemHealthMonitor:,WARNING,68,75,1873
2026-07-04T14:16:50.543542-06:00 Samsung SystemHealthMonitor:,CRITICAL,86,92,77
2026-07-04T14:16:50.544244-06:00 Samsung SystemHealthMonitor:,INFO,28,42,5131
2026-07-04T14:16:50.544944-06:00 Samsung SystemHealthMonitor:,WARNING,73,65,1153
2026-07-04T14:16:50.545766-06:00 Samsung SystemHealthMonitor:,CRITICAL,87,92,12
2026-07-04T14:16:50.546579-06:00 Samsung SystemHealthMonitor:,INFO,11,31,2691
2026-07-04T14:16:50.547376-06:00 Samsung SystemHealthMonitor:,WARNING,75,68,2039
2026-07-04T14:16:50.548242-06:00 Samsung SystemHealthMonitor:,CRITICAL,90,95,391
2026-07-04T14:16:50.549027-06:00 Samsung SystemHealthMonitor:,INFO,8,55,4130
2026-07-04T14:16:50.549968-06:00 Samsung SystemHealthMonitor:,WARNING,74,70,1923
2026-07-04T14:16:50.550825-06:00 Samsung SystemHealthMonitor:,CRITICAL,90,99,93
2026-07-04T14:16:50.551571-06:00 Samsung SystemHealthMonitor:,INFO,44,54,8059
2026-07-04T14:16:50.552261-06:00 Samsung SystemHealthMonitor:,WARNING,66,69,996
2026-07-04T14:16:50.552969-06:00 Samsung SystemHealthMonitor:,CRITICAL,93,90,142
2026-07-04T14:16:50.553820-06:00 Samsung SystemHealthMonitor:,INFO,8,34,5859
2026-07-04T14:16:50.554480-06:00 Samsung SystemHealthMonitor:,WARNING,67,81,1892
2026-07-04T14:16:50.555331-06:00 Samsung SystemHealthMonitor:,CRITICAL,100,94,492
2026-07-04T14:16:50.556158-06:00 Samsung SystemHealthMonitor:,INFO,43,14,5471
2026-07-04T14:16:50.556886-06:00 Samsung SystemHealthMonitor:,WARNING,80,83,550
2026-07-04T14:16:50.557736-06:00 Samsung SystemHealthMonitor:,CRITICAL,97,88,301
2026-07-04T14:16:50.558578-06:00 Samsung SystemHealthMonitor:,INFO,17,6,5086
2026-07-04T14:16:50.559352-06:00 Samsung SystemHealthMonitor:,WARNING,83,79,863
2026-07-04T14:16:50.560196-06:00 Samsung SystemHealthMonitor:,CRITICAL,90,90,377
2026-07-04T14:16:50.561042-06:00 Samsung SystemHealthMonitor:,INFO,53,45,6646
2026-07-04T14:16:50.561881-06:00 Samsung SystemHealthMonitor:,WARNING,61,73,642
2026-07-04T14:16:50.562674-06:00 Samsung SystemHealthMonitor:,CRITICAL,93,96,197
2026-07-04T14:16:50.563432-06:00 Samsung SystemHealthMonitor:,INFO,60,15,7255
2026-07-04T14:16:50.564148-06:00 Samsung SystemHealthMonitor:,WARNING,85,82,963
2026-07-04T14:16:50.564968-06:00 Samsung SystemHealthMonitor:,CRITICAL,92,93,335
2026-07-04T14:16:50.565890-06:00 Samsung SystemHealthMonitor:,INFO,15,2,3975
2026-07-04T14:16:50.566706-06:00 Samsung SystemHealthMonitor:,WARNING,68,61,976
2026-07-04T14:16:50.567518-06:00 Samsung SystemHealthMonitor:,CRITICAL,96,100,57
2026-07-04T14:16:50.568591-06:00 Samsung SystemHealthMonitor:,INFO,21,27,2722
2026-07-04T14:16:50.569476-06:00 Samsung SystemHealthMonitor:,WARNING,76,61,2001
2026-07-04T14:16:50.570340-06:00 Samsung SystemHealthMonitor:,CRITICAL,91,89,351
2026-07-04T14:16:50.571619-06:00 Samsung SystemHealthMonitor:,INFO,53,11,3962
2026-07-04T14:16:50.572708-06:00 Samsung SystemHealthMonitor:,WARNING,84,62,1487
2026-07-04T14:16:50.573912-06:00 Samsung SystemHealthMonitor:,CRITICAL,92,96,396
2026-07-04T14:16:50.575010-06:00 Samsung SystemHealthMonitor:,INFO,57,41,2688
2026-07-04T14:16:50.576213-06:00 Samsung SystemHealthMonitor:,WARNING,61,77,1965
2026-07-04T14:16:50.577384-06:00 Samsung SystemHealthMonitor:,CRITICAL,100,88,252
